,ID_start,ID_end,connexion capacity
0,BKK,ADD,6181
1,BKK,AKL,3794
2,BKK,AMS,11447
3,BKK,BOM,6703
4,BKK,CAI,10731
5,BKK,CAN,11447
6,BKK,CDG,11447
7,BKK,CGK,6703
8,BKK,CKG,5180
9,BKK,DEL,10731
10,BKK,DOH,11447
11,BKK,DXB,11447
12,BKK,FRA,11447
13,BKK,HKG,11447
14,BKK,HND,5673
15,BKK,ICN,11447
16,BKK,IST,11447
17,BKK,JNB,7789
18,BKK,KMG,5180
19,BKK,KUL,11447
20,BKK,LHR,11447
21,BKK,MAD,11447
22,BKK,MEL,5673
23,BKK,MNL,7240
24,BKK,NBO,5180
25,BKK,PEK,11447
26,BKK,PVG,11447
27,BKK,SGN,7240
28,BKK,SIN,11447
29,BKK,SVO,9517
30,BKK,SYD,9517
31,BKK,SZX,3794
32,BKK,TPE,11447
33,BOM,ADD,5442
34,BOM,AMS,10078
35,BOM,BKK,10078
36,BOM,CAI,9447
37,BOM,CDG,10078
38,BOM,DEL,9447
39,BOM,DOH,10078
40,BOM,DXB,10078
41,BOM,EWR,10078
42,BOM,FRA,10078
43,BOM,HKG,10078
44,BOM,ICN,10078
45,BOM,IST,10078
46,BOM,JED,8908
47,BOM,JNB,6858
48,BOM,KUL,10078
49,BOM,LHR,10078
50,BOM,NBO,4560
51,BOM,SIN,10078
52,CAI,ADD,7586
53,CAI,ALG,5203
54,CAI,AMS,14048
55,CAI,BCN,10250
56,CAI,BKK,14048
57,CAI,BOM,8227
58,CAI,CAN,14048
59,CAI,CDG,14048
60,CAI,CGK,8227
61,CAI,CMN,6962
62,CAI,DOH,14048
63,CAI,DXB,14048
64,CAI,FRA,14048
65,CAI,HRG,1110
66,CAI,IST,14048
67,CAI,JED,12417
68,CAI,JFK,14048
69,CAI,JNB,9559
70,CAI,LHR,14048
71,CAI,LOS,6357
72,CAI,MAD,14048
73,CAI,NBO,6357
74,CAI,PEK,14048
75,CAI,SVO,11679
76,CAI,TUN,4656
77,CAI,YYZ,14048
78,CAN,ADD,6459
79,CAN,AKL,3964
80,CAN,AMS,11962
81,CAN,BKK,11962
82,CAN,CAI,11213
83,CAN,CDG,11962
84,CAN,CGK,7005
85,CAN,CKG,5413
86,CAN,DEL,11213
87,CAN,DMK,3085
88,CAN,DOH,11962
89,CAN,DXB,11962
90,CAN,HGH,4430
91,CAN,HKG,11962
92,CAN,ICN,11962
93,CAN,IST,11962
94,CAN,JED,10573
95,CAN,KMG,5413
96,CAN,KUL,11962
97,CAN,LAX,11962
98,CAN,LHR,11962
99,CAN,MEL,5928
100,CAN,MNL,7565
101,CAN,NBO,5413
102,CAN,PEK,11962
103,CAN,PVG,11962
104,CAN,SGN,7565
105,CAN,SHA,1913
106,CAN,SIN,11962
107,CAN,SVO,9945
108,CAN,SYD,9945
109,CAN,TPE,11962
110,CAN,XIY,3516
111,CDG,ADD,3860
112,CDG,ALG,2648
113,CDG,AMS,7148
114,CDG,ATL,7148
115,CDG,BCN,5216
116,CDG,BKK,7148
117,CDG,BOG,3860
118,CDG,BOM,4186
119,CDG,BOS,5216
120,CDG,BSB,742
121,CDG,CAI,6701
122,CDG,CAN,7148
123,CDG,CLT,4864
124,CDG,CMN,3543
125,CDG,DEL,6701
126,CDG,DFW,7148
127,CDG,DOH,7148
128,CDG,DXB,7148
129,CDG,EWR,7148
130,CDG,EZE,3543
131,CDG,FRA,7148
132,CDG,GRU,7148
133,CDG,HKG,7148
134,CDG,HND,3543
135,CDG,IAH,7148
136,CDG,ICN,7148
137,CDG,IST,7148
138,CDG,JED,6318
139,CDG,JFK,7148
140,CDG,JNB,4864
141,CDG,KUL,7148
142,CDG,LAX,7148
143,CDG,LGW,2648
144,CDG,LHR,7148
145,CDG,LIM,3543
146,CDG,LOS,3235
147,CDG,MAD,7148
148,CDG,MEX,6318
149,CDG,MIA,7148
150,CDG,NBO,3235
151,CDG,ORD,7148
152,CDG,PEK,7148
153,CDG,PVG,7148
154,CDG,SCL,2648
155,CDG,SEA,6701
156,CDG,SFO,7148
157,CDG,SGN,4521
158,CDG,SIN,7148
159,CDG,SVO,5943
160,CDG,TPE,7148
161,CDG,TUN,2369
162,CDG,YYZ,7148
163,DEL,ADD,6429
164,DEL,AMS,11906
165,DEL,BKK,11906
166,DEL,BOM,6972
167,DEL,CAN,11906
168,DEL,CDG,11906
169,DEL,DOH,11906
170,DEL,DXB,11906
171,DEL,EWR,11906
172,DEL,FRA,11906
173,DEL,HKG,11906
174,DEL,ICN,11906
175,DEL,IST,11906
176,DEL,JED,10523
177,DEL,JFK,11906
178,DEL,KUL,11906
179,DEL,LHR,11906
180,DEL,MEL,5901
181,DEL,NBO,5388
182,DEL,ORD,11906
183,DEL,PEK,11906
184,DEL,PVG,11906
185,DEL,SIN,11906
186,DEL,SVO,9898
187,DEL,SYD,9898
188,DEL,TPE,11906
189,DOH,ADD,5479
190,DOH,ALG,3758
191,DOH,AMS,10146
192,DOH,BCN,7403
193,DOH,BKK,10146
194,DOH,BOM,5942
195,DOH,CAI,9511
196,DOH,CAN,10146
197,DOH,CDG,10146
198,DOH,CGK,5942
199,DOH,CKG,4591
200,DOH,CMN,5029
201,DOH,DEL,9511
202,DOH,DXB,10146
203,DOH,FRA,10146
204,DOH,GRU,10146
205,DOH,HGH,3758
206,DOH,HKG,10146
207,DOH,IAH,10146
208,DOH,ICN,10146
209,DOH,IST,10146
210,DOH,JED,8968
211,DOH,JFK,10146
212,DOH,JNB,6904
213,DOH,KUL,10146
214,DOH,LHR,10146
215,DOH,LOS,4591
216,DOH,MAD,10146
217,DOH,MEL,5029
218,DOH,MNL,6417
219,DOH,NBO,4591
220,DOH,ORD,10146
221,DOH,PEK,10146
222,DOH,PVG,10146
223,DOH,SGN,6417
224,DOH,SIN,10146
225,DOH,TUN,3362
226,DXB,ADD,4193
227,DXB,ADL,1242
228,DXB,ALG,2876
229,DXB,AMS,7765
230,DXB,ATL,7765
231,DXB,BCN,5666
232,DXB,BKK,7765
233,DXB,BOM,4547
234,DXB,BOS,5666
235,DXB,CAI,7280
236,DXB,CAN,7765
237,DXB,CDG,7765
238,DXB,CGK,4547
239,DXB,CMN,3848
240,DXB,CPT,613
241,DXB,DEL,7280
242,DXB,DFW,7765
243,DXB,DOH,7765
244,DXB,FRA,7765
245,DXB,GRU,7765
246,DXB,HKG,7765
247,DXB,HND,3848
248,DXB,IAH,7765
249,DXB,ICN,7765
250,DXB,IST,7765
251,DXB,JED,6864
252,DXB,JFK,7765
253,DXB,JNB,5284
254,DXB,KMG,3514
255,DXB,KUL,7765
256,DXB,LAX,7765
257,DXB,LGW,2876
258,DXB,LHR,7765
259,DXB,LOS,3514
260,DXB,MAD,7765
261,DXB,MEL,3848
262,DXB,MNL,4911
263,DXB,NBO,3514
264,DXB,PEK,7765
265,DXB,PVG,7765
266,DXB,SEA,7280
267,DXB,SFO,7765
268,DXB,SGN,4911
269,DXB,SIN,7765
270,DXB,SVO,6456
271,DXB,SYD,6456
272,DXB,TPE,7765
273,DXB,TUN,2573
274,DXB,YYZ,7765
275,FRA,ADD,3889
276,FRA,ALG,2668
277,FRA,AMS,7203
278,FRA,ATL,7203
279,FRA,BCN,5255
280,FRA,BKK,7203
281,FRA,BOG,3889
282,FRA,BOM,4218
283,FRA,BOS,5255
284,FRA,CAI,6752
285,FRA,CDG,7203
286,FRA,CLT,4901
287,FRA,CMN,3570
288,FRA,DEL,6752
289,FRA,DEN,4218
290,FRA,DFW,7203
291,FRA,DOH,7203
292,FRA,DXB,7203
293,FRA,EWR,7203
294,FRA,EZE,3570
295,FRA,GRU,7203
296,FRA,HKG,7203
297,FRA,HND,3570
298,FRA,HRG,569
299,FRA,IAH,7203
300,FRA,ICN,7203
301,FRA,IST,7203
302,FRA,JED,6366
303,FRA,JFK,7203
304,FRA,JNB,4901
305,FRA,KUL,7203
306,FRA,LAS,4901
307,FRA,LAX,7203
308,FRA,LHR,7203
309,FRA,LOS,3259
310,FRA,MAD,7203
311,FRA,MCO,4901
312,FRA,MEX,6366
313,FRA,MIA,7203
314,FRA,NBO,3259
315,FRA,ORD,7203
316,FRA,PEK,7203
317,FRA,PVG,7203
318,FRA,SEA,6752
319,FRA,SFO,7203
320,FRA,SGN,4555
321,FRA,SIN,7203
322,FRA,SVO,5988
323,FRA,TPE,7203
324,FRA,TUN,2387
325,FRA,YYZ,7203
326,HKG,ADD,5272
327,HKG,ADL,1562
328,HKG,AKL,3235
329,HKG,AMS,9763
330,HKG,BKK,9763
331,HKG,BOM,5717
332,HKG,CAN,9763
333,HKG,CDG,9763
334,HKG,CGK,5717
335,HKG,CKG,4418
336,HKG,DEL,9152
337,HKG,DMK,2518
338,HKG,DOH,9763
339,HKG,DXB,9763
340,HKG,EWR,9763
341,HKG,FRA,9763
342,HKG,HGH,3616
343,HKG,HND,4839
344,HKG,ICN,9763
345,HKG,IST,9763
346,HKG,JFK,9763
347,HKG,JNB,6643
348,HKG,KMG,4418
349,HKG,KUL,9763
350,HKG,LAX,9763
351,HKG,LHR,9763
352,HKG,MEL,4839
353,HKG,MNL,6174
354,HKG,ORD,9763
355,HKG,PEK,9763
356,HKG,PVG,9763
357,HKG,SFO,9763
358,HKG,SGN,6174
359,HKG,SHA,1562
360,HKG,SIN,9763
361,HKG,SVO,8117
362,HKG,SYD,8117
363,HKG,TPE,9763
364,HKG,XIY,2869
365,HKG,YYZ,9763
366,IST,ADD,5458
367,IST,ALG,3744
368,IST,AMS,10108
369,IST,BCN,7375
370,IST,BKK,10108
371,IST,BOM,5919
372,IST,CAI,9476
373,IST,CAN,10108
374,IST,CDG,10108
375,IST,CMN,5010
376,IST,DEL,9476
377,IST,DOH,10108
378,IST,DXB,10108
379,IST,FRA,10108
380,IST,GRU,10108
381,IST,HKG,10108
382,IST,HRG,799
383,IST,IAH,10108
384,IST,ICN,10108
385,IST,JED,8934
386,IST,JFK,10108
387,IST,JNB,6878
388,IST,KUL,10108
389,IST,LAX,10108
390,IST,LGW,3744
391,IST,LHR,10108
392,IST,LOS,4574
393,IST,MAD,10108
394,IST,NBO,4574
395,IST,ORD,10108
396,IST,PEK,10108
397,IST,PVG,10108
398,IST,SIN,10108
399,IST,SVO,8404
400,IST,TUN,3350
401,IST,YYZ,10108
402,JED,ADD,7188
403,JED,ALG,4930
404,JED,BOM,7795
405,JED,CAI,12479
406,JED,CAN,13311
407,JED,CDG,13311
408,JED,CGK,7795
409,JED,CMN,6597
410,JED,DEL,12479
411,JED,DOH,13311
412,JED,DXB,13311
413,JED,FRA,13311
414,JED,IST,13311
415,JED,JFK,13311
416,JED,JNB,9058
417,JED,KUL,13311
418,JED,LAX,13311
419,JED,LGW,4930
420,JED,LHR,13311
421,JED,MAD,13311
422,JED,MNL,8419
423,JED,NBO,6024
424,JED,SIN,13311
425,JED,TUN,4411
426,JED,YYZ,13311
427,JNB,ADD,6206
428,JNB,AMS,11492
429,JNB,ATL,11492
430,JNB,BKK,11492
431,JNB,BOM,6730
432,JNB,CAI,10773
433,JNB,CDG,11492
434,JNB,CPT,908
435,JNB,DOH,11492
436,JNB,DXB,11492
437,JNB,FRA,11492
438,JNB,GRU,11492
439,JNB,HKG,11492
440,JNB,IST,11492
441,JNB,JED,10158
442,JNB,JFK,11492
443,JNB,LHR,11492
444,JNB,LOS,5201
445,JNB,NBO,5201
446,JNB,SIN,11492
447,JNB,SYD,9555
448,LHR,ADD,3954
449,LHR,ALG,2712
450,LHR,AMS,7322
451,LHR,ATL,7322
452,LHR,BCN,5343
453,LHR,BKK,7322
454,LHR,BOM,4288
455,LHR,BOS,5343
456,LHR,CAI,6864
457,LHR,CAN,7322
458,LHR,CDG,7322
459,LHR,CLT,4982
460,LHR,CMN,3629
461,LHR,CPT,578
462,LHR,DEL,6864
463,LHR,DEN,4288
464,LHR,DFW,7322
465,LHR,DOH,7322
466,LHR,DXB,7322
467,LHR,EWR,7322
468,LHR,EZE,3629
469,LHR,FRA,7322
470,LHR,GRU,7322
471,LHR,HKG,7322
472,LHR,HND,3629
473,LHR,IAH,7322
474,LHR,ICN,7322
475,LHR,IST,7322
476,LHR,JED,6472
477,LHR,JFK,7322
478,LHR,JNB,4982
479,LHR,KUL,7322
480,LHR,LAS,4982
481,LHR,LAX,7322
482,LHR,LOS,3313
483,LHR,MAD,7322
484,LHR,MEX,6472
485,LHR,MIA,7322
486,LHR,MNL,4631
487,LHR,NBO,3313
488,LHR,ORD,7322
489,LHR,PEK,7322
490,LHR,PHX,3954
491,LHR,PVG,7322
492,LHR,SEA,6864
493,LHR,SFO,7322
494,LHR,SIN,7322
495,LHR,SVO,6087
496,LHR,TUN,2426
497,LHR,YYZ,7322
498,LOS,ADD,5197
499,LOS,AMS,9624
500,LOS,ATL,9624
501,LOS,CAI,9022
502,LOS,CDG,9624
503,LOS,CMN,4770
504,LOS,DOH,9624
505,LOS,DXB,9624
506,LOS,FRA,9624
507,LOS,IAH,9624
508,LOS,IST,9624
509,LOS,JFK,9624
510,LOS,JNB,6549
511,LOS,LHR,9624
512,LOS,MAD,9624
513,LOS,NBO,4355
514,NBO,ADD,5230
515,NBO,AMS,9685
516,NBO,BKK,9685
517,NBO,BOM,5671
518,NBO,CAI,9079
519,NBO,CAN,9685
520,NBO,CDG,9685
521,NBO,DEL,9079
522,NBO,DOH,9685
523,NBO,DXB,9685
524,NBO,ICN,9685
525,NBO,IST,9685
526,NBO,JED,8560
527,NBO,JNB,6590
528,NBO,LHR,9685
529,NBO,LOS,4383
530,PEK,ADD,4786
531,PEK,ALG,3283
532,PEK,AMS,8864
533,PEK,BKK,8864
534,PEK,CAI,8309
535,PEK,CAN,8864
536,PEK,CDG,8864
537,PEK,CGK,5191
538,PEK,CKG,4011
539,PEK,DEL,8309
540,PEK,DOH,8864
541,PEK,DXB,8864
542,PEK,EWR,8864
543,PEK,FRA,8864
544,PEK,HGH,3283
545,PEK,HKG,8864
546,PEK,HND,4393
547,PEK,IAH,8864
548,PEK,ICN,8864
549,PEK,IST,8864
550,PEK,JFK,8864
551,PEK,JNB,6031
552,PEK,KMG,4011
553,PEK,KUL,8864
554,PEK,LAX,8864
555,PEK,LGW,3283
556,PEK,LHR,8864
557,PEK,MAD,8864
558,PEK,MNL,5606
559,PEK,ORD,8864
560,PEK,PVG,8864
561,PEK,SEA,8309
562,PEK,SFO,8864
563,PEK,SGN,5606
564,PEK,SHA,1418
565,PEK,SIN,8864
566,PEK,SVO,7369
567,PEK,SYD,7369
568,PEK,SZX,2937
569,PEK,TPE,8864
570,PEK,XIY,2605
571,PEK,YYZ,8864
572,PVG,ADD,5531
573,PVG,AKL,3395
574,PVG,AMS,10243
575,PVG,BKK,10243
576,PVG,CAN,10243
577,PVG,CDG,10243
578,PVG,CGK,5999
579,PVG,CKG,4635
580,PVG,DEL,9603
581,PVG,DOH,10243
582,PVG,DXB,10243
583,PVG,EWR,10243
584,PVG,FRA,10243
585,PVG,HKG,10243
586,PVG,ICN,10243
587,PVG,IST,10243
588,PVG,JFK,10243
589,PVG,KMG,4635
590,PVG,KUL,10243
591,PVG,LAX,10243
592,PVG,LHR,10243
593,PVG,MEL,5077
594,PVG,MNL,6478
595,PVG,ORD,10243
596,PVG,PEK,10243
597,PVG,SEA,9603
598,PVG,SFO,10243
599,PVG,SGN,6478
600,PVG,SIN,10243
601,PVG,SVO,8516
602,PVG,SYD,8516
603,PVG,SZX,3395
604,PVG,TPE,10243
605,PVG,XIY,3011
606,PVG,YYZ,10243
607,YYZ,ADD,4997
608,YYZ,AMS,9254
609,YYZ,ATL,9254
610,YYZ,BCN,6752
611,YYZ,BOG,4997
612,YYZ,BOS,6752
613,YYZ,CAI,8675
614,YYZ,CDG,9254
615,YYZ,CLT,6297
616,YYZ,DEN,5419
617,YYZ,DFW,9254
618,YYZ,DXB,9254
619,YYZ,EWR,9254
620,YYZ,FRA,9254
621,YYZ,GRU,9254
622,YYZ,HKG,9254
623,YYZ,IAH,9254
624,YYZ,ICN,9254
625,YYZ,IST,9254
626,YYZ,JED,8179
627,YYZ,JFK,9254
628,YYZ,LAS,6297
629,YYZ,LAX,9254
630,YYZ,LGW,3427
631,YYZ,LHR,9254
632,YYZ,LIM,4586
633,YYZ,MCO,6297
634,YYZ,MEX,8179
635,YYZ,MIA,9254
636,YYZ,ORD,9254
637,YYZ,PEK,9254
638,YYZ,PHX,4997
639,YYZ,PVG,9254
640,YYZ,SCL,3427
641,YYZ,SEA,8675
642,YYZ,SFO,9254
643,YYZ,SVO,7693
644,YYZ,TPE,9254
645,AKL,ADL,1465
646,AKL,BKK,9157
647,AKL,CAN,9157
648,AKL,HKG,9157
649,AKL,ICN,9157
650,AKL,KUL,9157
651,AKL,LAX,9157
652,AKL,MEL,4538
653,AKL,PVG,9157
654,AKL,SCL,3392
655,AKL,SFO,9157
656,AKL,SIN,9157
657,AKL,SYD,7613
658,CBR,ADL,1185
659,CBR,MEL,3673
660,CBR,SYD,6162
661,KUL,ADL,2088
662,KUL,AKL,4326
663,KUL,AMS,13052
664,KUL,BKK,13052
665,KUL,BOM,7643
666,KUL,CAN,13052
667,KUL,CDG,13052
668,KUL,CGK,7643
669,KUL,DEL,12236
670,KUL,DMK,3367
671,KUL,DOH,13052
672,KUL,DXB,13052
673,KUL,FRA,13052
674,KUL,HGH,4834
675,KUL,HKG,13052
676,KUL,HND,6469
677,KUL,ICN,13052
678,KUL,IST,13052
679,KUL,JED,11536
680,KUL,KMG,5906
681,KUL,LHR,13052
682,KUL,MEL,6469
683,KUL,MNL,8255
684,KUL,PEK,13052
685,KUL,PVG,13052
686,KUL,SGN,8255
687,KUL,SIN,13052
688,KUL,SYD,10851
689,KUL,SZX,4326
690,KUL,TPE,13052
691,MEL,ADL,1809
692,MEL,AKL,3748
693,MEL,BKK,11309
694,MEL,CAN,11309
695,MEL,CBR,415
696,MEL,CGK,6622
697,MEL,DEL,10601
698,MEL,DOH,11309
699,MEL,DXB,11309
700,MEL,HKG,11309
701,MEL,KUL,11309
702,MEL,LAX,11309
703,MEL,MNL,7152
704,MEL,PVG,11309
705,MEL,SGN,7152
706,MEL,SIN,11309
707,MEL,SYD,9402
708,SIN,ADL,1931
709,SIN,AKL,4001
710,SIN,AMS,12074
711,SIN,BCN,8809
712,SIN,BKK,12074
713,SIN,BOM,7070
714,SIN,CAN,12074
715,SIN,CDG,12074
716,SIN,CGK,7070
717,SIN,CKG,5464
718,SIN,DEL,11318
719,SIN,DMK,3114
720,SIN,DOH,12074
721,SIN,DXB,12074
722,SIN,FRA,12074
723,SIN,HGH,4472
724,SIN,HKG,12074
725,SIN,HND,5984
726,SIN,ICN,12074
727,SIN,IST,12074
728,SIN,JED,10672
729,SIN,JNB,8216
730,SIN,KMG,5464
731,SIN,KUL,12074
732,SIN,LHR,12074
733,SIN,MEL,5984
734,SIN,MNL,7636
735,SIN,PEK,12074
736,SIN,PVG,12074
737,SIN,SGN,7636
738,SIN,SYD,10038
739,SIN,SZX,4001
740,SIN,TPE,12074
741,SYD,ADL,2178
742,SYD,AKL,4513
743,SYD,BKK,13617
744,SYD,CAN,13617
745,SYD,CBR,500
746,SYD,CGK,7974
747,SYD,CKG,6162
748,SYD,DEL,12765
749,SYD,DFW,13617
750,SYD,DXB,13617
751,SYD,HKG,13617
752,SYD,ICN,13617
753,SYD,JNB,9266
754,SYD,KUL,13617
755,SYD,LAX,13617
756,SYD,MEL,6749
757,SYD,MNL,8612
758,SYD,PEK,13617
759,SYD,PVG,13617
760,SYD,SCL,5044
761,SYD,SFO,13617
762,SYD,SGN,8612
763,SYD,SIN,13617
764,SYD,TPE,13617
765,ADL,AKL,2793
766,ADL,CBR,309
767,ADL,DXB,8428
768,ADL,HKG,8428
769,ADL,KUL,8428
770,ADL,MEL,4177
771,ADL,SIN,8428
772,ADL,SYD,7007
773,ICN,AKL,2938
774,ICN,AMS,8866
775,ICN,ATL,8866
776,ICN,BKK,8866
777,ICN,BOM,5192
778,ICN,CAN,8866
779,ICN,CDG,8866
780,ICN,CGK,5192
781,ICN,CKG,4012
782,ICN,DEL,8311
783,ICN,DFW,8866
784,ICN,DOH,8866
785,ICN,DXB,8866
786,ICN,FRA,8866
787,ICN,HGH,3284
788,ICN,HKG,8866
789,ICN,HND,4394
790,ICN,IAH,8866
791,ICN,IST,8866
792,ICN,JFK,8866
793,ICN,KMG,4012
794,ICN,KUL,8866
795,ICN,LAS,6033
796,ICN,LAX,8866
797,ICN,LHR,8866
798,ICN,MAD,8866
799,ICN,MNL,5607
800,ICN,NBO,4012
801,ICN,ORD,8866
802,ICN,PEK,8866
803,ICN,PVG,8866
804,ICN,SEA,8311
805,ICN,SFO,8866
806,ICN,SGN,5607
807,ICN,SIN,8866
808,ICN,SVO,7371
809,ICN,SYD,7371
810,ICN,SZX,2938
811,ICN,TPE,8866
812,ICN,XIY,2606
813,ICN,YYZ,8866
814,LAX,AKL,2949
815,LAX,AMS,8897
816,LAX,ATL,8897
817,LAX,BOS,6492
818,LAX,CAN,8897
819,LAX,CDG,8897
820,LAX,CLT,6054
821,LAX,DEN,5210
822,LAX,DFW,8897
823,LAX,DXB,8897
824,LAX,EWR,8897
825,LAX,FRA,8897
826,LAX,GRU,8897
827,LAX,HKG,8897
828,LAX,HND,4410
829,LAX,IAH,8897
830,LAX,ICN,8897
831,LAX,IST,8897
832,LAX,JED,7864
833,LAX,JFK,8897
834,LAX,LAS,6054
835,LAX,LHR,8897
836,LAX,LIM,4410
837,LAX,MAD,8897
838,LAX,MCO,6054
839,LAX,MEL,4410
840,LAX,MEX,7864
841,LAX,MIA,8897
842,LAX,MNL,5627
843,LAX,ORD,8897
844,LAX,PEK,8897
845,LAX,PHX,4804
846,LAX,PVG,8897
847,LAX,SEA,8341
848,LAX,SFO,8897
849,LAX,SVO,7397
850,LAX,SYD,7397
851,LAX,TPE,8897
852,LAX,YYZ,8897
853,SCL,AKL,3180
854,SCL,ATL,9597
855,SCL,BOG,5182
856,SCL,CDG,9597
857,SCL,DFW,9597
858,SCL,EZE,4756
859,SCL,GRU,9597
860,SCL,JFK,9597
861,SCL,LIM,4756
862,SCL,MAD,9597
863,SCL,MEX,8483
864,SCL,MIA,9597
865,SCL,SYD,7979
866,SCL,YYZ,9597
867,SFO,AKL,3681
868,SFO,AMS,11107
869,SFO,ATL,11107
870,SFO,BOS,8104
871,SFO,CDG,11107
872,SFO,CLT,7558
873,SFO,DEN,6504
874,SFO,DFW,11107
875,SFO,DXB,11107
876,SFO,EWR,11107
877,SFO,FRA,11107
878,SFO,HKG,11107
879,SFO,HND,5505
880,SFO,IAH,11107
881,SFO,ICN,11107
882,SFO,JFK,11107
883,SFO,LAS,7558
884,SFO,LAX,11107
885,SFO,LHR,11107
886,SFO,MCO,7558
887,SFO,MEX,9817
888,SFO,MIA,11107
889,SFO,MNL,7024
890,SFO,ORD,11107
891,SFO,PEK,11107
892,SFO,PHX,5998
893,SFO,PVG,11107
894,SFO,SEA,10412
895,SFO,SYD,9234
896,SFO,TPE,11107
897,SFO,YYZ,11107
898,BCN,ALG,4413
899,BCN,AMS,11914
900,BCN,BOG,6433
901,BCN,CAI,11169
902,BCN,CDG,11914
903,BCN,CMN,5905
904,BCN,DOH,11914
905,BCN,DXB,11914
906,BCN,EWR,11914
907,BCN,EZE,5905
908,BCN,FRA,11914
909,BCN,GRU,11914
910,BCN,IST,11914
911,BCN,JFK,11914
912,BCN,LGW,4413
913,BCN,LHR,11914
914,BCN,MAD,11914
915,BCN,MIA,11914
916,BCN,SIN,11914
917,BCN,SVO,9905
918,BCN,TUN,3948
919,BCN,YYZ,11914
920,CMN,ALG,3810
921,CMN,AMS,10286
922,CMN,BCN,7505
923,CMN,CAI,9643
924,CMN,CDG,10286
925,CMN,DOH,10286
926,CMN,DXB,10286
927,CMN,FRA,10286
928,CMN,GRU,10286
929,CMN,IST,10286
930,CMN,JED,9092
931,CMN,JFK,10286
932,CMN,LGW,3810
933,CMN,LHR,10286
934,CMN,MAD,10286
935,CMN,SVO,8552
936,CMN,TUN,3409
937,LGW,ALG,3769
938,LGW,AMS,10176
939,LGW,BCN,7425
940,LGW,CDG,10176
941,LGW,CMN,5043
942,LGW,DXB,10176
943,LGW,HRG,804
944,LGW,IST,10176
945,LGW,JED,8994
946,LGW,LAS,6924
947,LGW,MAD,10176
948,LGW,MCO,6924
949,LGW,PEK,10176
950,LGW,YYZ,10176
951,MAD,ALG,4119
952,MAD,AMS,11121
953,MAD,ATL,11121
954,MAD,BCN,8114
955,MAD,BKK,11121
956,MAD,BOG,6005
957,MAD,BOS,8114
958,MAD,CAI,10425
959,MAD,CDG,11121
960,MAD,CLO,629
961,MAD,CMN,5512
962,MAD,DFW,11121
963,MAD,DOH,11121
964,MAD,DXB,11121
965,MAD,EWR,11121
966,MAD,EZE,5512
967,MAD,FRA,11121
968,MAD,GRU,11121
969,MAD,ICN,11121
970,MAD,IST,11121
971,MAD,JED,9830
972,MAD,JFK,11121
973,MAD,LAX,11121
974,MAD,LGW,4119
975,MAD,LHR,11121
976,MAD,LIM,5512
977,MAD,LOS,5033
978,MAD,MEX,9830
979,MAD,MIA,11121
980,MAD,ORD,11121
981,MAD,PEK,11121
982,MAD,SCL,4119
983,MAD,SVO,9246
984,MAD,TUN,3686
985,SVO,ALG,4361
986,SVO,AMS,11774
987,SVO,BCN,8591
988,SVO,BKK,11774
989,SVO,CAI,11038
990,SVO,CAN,11774
991,SVO,CDG,11774
992,SVO,CMN,5835
993,SVO,DEL,11038
994,SVO,DXB,11774
995,SVO,FRA,11774
996,SVO,HKG,11774
997,SVO,HRG,930
998,SVO,ICN,11774
999,SVO,IST,11774
1000,SVO,JFK,11774
1001,SVO,LAX,11774
1002,SVO,LHR,11774
1003,SVO,MAD,11774
1004,SVO,MIA,11774
1005,SVO,PEK,11774
1006,SVO,PVG,11774
1007,SVO,SGN,7447
1008,SVO,YYZ,11774
1009,TUN,ALG,3225
1010,TUN,AMS,8708
1011,TUN,BCN,6354
1012,TUN,CAI,8164
1013,TUN,CDG,8708
1014,TUN,CMN,4316
1015,TUN,DOH,8708
1016,TUN,DXB,8708
1017,TUN,FRA,8708
1018,TUN,IST,8708
1019,TUN,JED,7697
1020,TUN,LHR,8708
1021,TUN,MAD,8708
1022,ATL,AMS,11602
1023,ATL,BOG,6265
1024,ATL,BOS,8465
1025,ATL,BSB,1205
1026,ATL,CDG,11602
1027,ATL,CLT,7895
1028,ATL,DEN,6794
1029,ATL,DFW,11602
1030,ATL,DXB,11602
1031,ATL,EWR,11602
1032,ATL,EZE,5750
1033,ATL,FRA,11602
1034,ATL,GRU,11602
1035,ATL,IAH,11602
1036,ATL,ICN,11602
1037,ATL,JFK,11602
1038,ATL,JNB,7895
1039,ATL,LAS,7895
1040,ATL,LAX,11602
1041,ATL,LHR,11602
1042,ATL,LIM,5750
1043,ATL,LOS,5250
1044,ATL,MAD,11602
1045,ATL,MCO,7895
1046,ATL,MEX,10255
1047,ATL,MIA,11602
1048,ATL,ORD,11602
1049,ATL,PHX,6265
1050,ATL,SCL,4297
1051,ATL,SEA,10876
1052,ATL,SFO,11602
1053,ATL,YYZ,11602
1054,BOS,AMS,10887
1055,BOS,ATL,10887
1056,BOS,CDG,10887
1057,BOS,CLT,7409
1058,BOS,DEN,6376
1059,BOS,DFW,10887
1060,BOS,DXB,10887
1061,BOS,EWR,10887
1062,BOS,FRA,10887
1063,BOS,IAH,10887
1064,BOS,JFK,10887
1065,BOS,LAS,7409
1066,BOS,LAX,10887
1067,BOS,LHR,10887
1068,BOS,MAD,10887
1069,BOS,MCO,7409
1070,BOS,MIA,10887
1071,BOS,ORD,10887
1072,BOS,PHX,5879
1073,BOS,SEA,10206
1074,BOS,SFO,10887
1075,BOS,YYZ,10887
1076,CPT,AMS,5067
1077,CPT,DOH,5067
1078,CPT,DXB,5067
1079,CPT,JNB,3448
1080,CPT,LHR,5067
1081,DFW,AMS,12185
1082,DFW,ATL,12185
1083,DFW,BOG,6580
1084,DFW,BOS,8891
1085,DFW,CDG,12185
1086,DFW,CLT,8291
1087,DFW,DEN,7135
1088,DFW,DXB,12185
1089,DFW,EWR,12185
1090,DFW,EZE,6039
1091,DFW,FRA,12185
1092,DFW,GRU,12185
1093,DFW,IAH,12185
1094,DFW,ICN,12185
1095,DFW,JFK,12185
1096,DFW,LAS,8291
1097,DFW,LAX,12185
1098,DFW,LHR,12185
1099,DFW,LIM,6039
1100,DFW,MAD,12185
1101,DFW,MCO,8291
1102,DFW,MEX,10770
1103,DFW,MIA,12185
1104,DFW,ORD,12185
1105,DFW,PHX,6580
1106,DFW,SCL,4513
1107,DFW,SEA,11423
1108,DFW,SFO,12185
1109,DFW,YYZ,12185
1110,EWR,AMS,11535
1111,EWR,ATL,11535
1112,EWR,BCN,8417
1113,EWR,BOG,6229
1114,EWR,BOM,6755
1115,EWR,BOS,8417
1116,EWR,CDG,11535
1117,EWR,CLT,7849
1118,EWR,DEL,10813
1119,EWR,DEN,6755
1120,EWR,DFW,11535
1121,EWR,FRA,11535
1122,EWR,GRU,11535
1123,EWR,HKG,11535
1124,EWR,IAH,11535
1125,EWR,LAS,7849
1126,EWR,LAX,11535
1127,EWR,LHR,11535
1128,EWR,LIM,5717
1129,EWR,MAD,11535
1130,EWR,MCO,7849
1131,EWR,MEX,10196
1132,EWR,MIA,11535
1133,EWR,ORD,11535
1134,EWR,PEK,11535
1135,EWR,PHX,6229
1136,EWR,PVG,11535
1137,EWR,SEA,10813
1138,EWR,SFO,11535
1139,EWR,YYZ,11535
1140,EZE,AMS,10527
1141,EZE,ATL,10527
1142,EZE,BCN,7681
1143,EZE,BOG,5685
1144,EZE,BSB,1094
1145,EZE,CDG,10527
1146,EZE,DFW,10527
1147,EZE,FRA,10527
1148,EZE,GRU,10527
1149,EZE,IAH,10527
1150,EZE,JFK,10527
1151,EZE,LHR,10527
1152,EZE,LIM,5217
1153,EZE,MAD,10527
1154,EZE,MEX,9305
1155,EZE,MIA,10527
1156,EZE,SCL,3899
1157,GRU,AMS,12944
1158,GRU,ATL,12944
1159,GRU,BCN,9444
1160,GRU,BOG,6989
1161,GRU,BSB,1345
1162,GRU,CDG,12944
1163,GRU,CLT,8808
1164,GRU,CMN,6415
1165,GRU,DFW,12944
1166,GRU,DOH,12944
1167,GRU,DXB,12944
1168,GRU,EWR,12944
1169,GRU,EZE,6415
1170,GRU,FRA,12944
1171,GRU,IAH,12944
1172,GRU,IST,12944
1173,GRU,JFK,12944
1174,GRU,JNB,8808
1175,GRU,LAX,12944
1176,GRU,LHR,12944
1177,GRU,LIM,6415
1178,GRU,MAD,12944
1179,GRU,MCO,8808
1180,GRU,MEX,11441
1181,GRU,MIA,12944
1182,GRU,ORD,12944
1183,GRU,SCL,4794
1184,GRU,SDU,258
1185,GRU,YYZ,12944
1186,HGH,AMS,10300
1187,HGH,CAN,10300
1188,HGH,CKG,4661
1189,HGH,DMK,2657
1190,HGH,DOH,10300
1191,HGH,HKG,10300
1192,HGH,ICN,10300
1193,HGH,KMG,4661
1194,HGH,KUL,10300
1195,HGH,PEK,10300
1196,HGH,SIN,10300
1197,HGH,SZX,3413
1198,HGH,TPE,10300
1199,HGH,XIY,3027
1200,IAH,AMS,11672
1201,IAH,ATL,11672
1202,IAH,BOG,6303
1203,IAH,BOS,8516
1204,IAH,CDG,11672
1205,IAH,CLT,7942
1206,IAH,DEN,6835
1207,IAH,DFW,11672
1208,IAH,DOH,11672
1209,IAH,DXB,11672
1210,IAH,EWR,11672
1211,IAH,EZE,5785
1212,IAH,FRA,11672
1213,IAH,GRU,11672
1214,IAH,ICN,11672
1215,IAH,IST,11672
1216,IAH,LAS,7942
1217,IAH,LAX,11672
1218,IAH,LHR,11672
1219,IAH,LIM,5785
1220,IAH,LOS,5282
1221,IAH,MCO,7942
1222,IAH,MEX,10316
1223,IAH,MIA,11672
1224,IAH,ORD,11672
1225,IAH,PEK,11672
1226,IAH,PHX,6303
1227,IAH,SEA,10942
1228,IAH,SFO,11672
1229,IAH,YYZ,11672
1230,JFK,AMS,8678
1231,JFK,ATL,8678
1232,JFK,BCN,6332
1233,JFK,BOG,4686
1234,JFK,BOS,6332
1235,JFK,CAI,8135
1236,JFK,CDG,8678
1237,JFK,CLT,5905
1238,JFK,CMN,4301
1239,JFK,DEL,8135
1240,JFK,DEN,5082
1241,JFK,DFW,8678
1242,JFK,DOH,8678
1243,JFK,DXB,8678
1244,JFK,EZE,4301
1245,JFK,FRA,8678
1246,JFK,GRU,8678
1247,JFK,HKG,8678
1248,JFK,ICN,8678
1249,JFK,IST,8678
1250,JFK,JED,7670
1251,JFK,JNB,5905
1252,JFK,LAS,5905
1253,JFK,LAX,8678
1254,JFK,LHR,8678
1255,JFK,LIM,4301
1256,JFK,LOS,3927
1257,JFK,MAD,8678
1258,JFK,MCO,5905
1259,JFK,MEX,7670
1260,JFK,MIA,8678
1261,JFK,ORD,8678
1262,JFK,PEK,8678
1263,JFK,PHX,4686
1264,JFK,PVG,8678
1265,JFK,SCL,3214
1266,JFK,SEA,8135
1267,JFK,SFO,8678
1268,JFK,SVO,7215
1269,JFK,TPE,8678
1270,JFK,YYZ,8678
1271,LIM,AMS,10364
1272,LIM,ATL,10364
1273,LIM,BOG,5596
1274,LIM,CDG,10364
1275,LIM,CLO,586
1276,LIM,DFW,10364
1277,LIM,EWR,10364
1278,LIM,EZE,5136
1279,LIM,GRU,10364
1280,LIM,IAH,10364
1281,LIM,JFK,10364
1282,LIM,LAX,10364
1283,LIM,MAD,10364
1284,LIM,MEX,9160
1285,LIM,MIA,10364
1286,LIM,SCL,3838
1287,LIM,YYZ,10364
1288,MEX,AMS,12585
1289,MEX,ATL,12585
1290,MEX,BOG,6796
1291,MEX,CDG,12585
1292,MEX,CLT,8564
1293,MEX,DEN,7370
1294,MEX,DFW,12585
1295,MEX,EWR,12585
1296,MEX,EZE,6237
1297,MEX,FRA,12585
1298,MEX,GRU,12585
1299,MEX,IAH,12585
1300,MEX,JFK,12585
1301,MEX,LAS,8564
1302,MEX,LAX,12585
1303,MEX,LHR,12585
1304,MEX,LIM,6237
1305,MEX,MAD,12585
1306,MEX,MCO,8564
1307,MEX,MIA,12585
1308,MEX,ORD,12585
1309,MEX,PHX,6796
1310,MEX,SCL,4661
1311,MEX,SFO,12585
1312,MEX,YYZ,12585
1313,MIA,AMS,12324
1314,MIA,ATL,12324
1315,MIA,BCN,8992
1316,MIA,BOG,6655
1317,MIA,BOS,8992
1318,MIA,BSB,1280
1319,MIA,CDG,12324
1320,MIA,CLO,697
1321,MIA,CLT,8386
1322,MIA,DEN,7217
1323,MIA,DFW,12324
1324,MIA,EWR,12324
1325,MIA,EZE,6108
1326,MIA,FRA,12324
1327,MIA,GRU,12324
1328,MIA,IAH,12324
1329,MIA,JFK,12324
1330,MIA,LAS,8386
1331,MIA,LAX,12324
1332,MIA,LHR,12324
1333,MIA,LIM,6108
1334,MIA,MAD,12324
1335,MIA,MCO,8386
1336,MIA,MEX,10893
1337,MIA,ORD,12324
1338,MIA,PHX,6655
1339,MIA,SCL,4565
1340,MIA,SEA,11553
1341,MIA,SFO,12324
1342,MIA,SVO,10246
1343,MIA,YYZ,12324
1344,ORD,AMS,10847
1345,ORD,ATL,10847
1346,ORD,BOS,7915
1347,ORD,CDG,10847
1348,ORD,CLT,7381
1349,ORD,DEL,10169
1350,ORD,DEN,6352
1351,ORD,DFW,10847
1352,ORD,DOH,10847
1353,ORD,EWR,10847
1354,ORD,FRA,10847
1355,ORD,GRU,10847
1356,ORD,HKG,10847
1357,ORD,IAH,10847
1358,ORD,ICN,10847
1359,ORD,IST,10847
1360,ORD,JFK,10847
1361,ORD,LAS,7381
1362,ORD,LAX,10847
1363,ORD,LHR,10847
1364,ORD,MAD,10847
1365,ORD,MCO,7381
1366,ORD,MEX,9588
1367,ORD,MIA,10847
1368,ORD,PEK,10847
1369,ORD,PHX,5857
1370,ORD,PVG,10847
1371,ORD,SEA,10169
1372,ORD,SFO,10847
1373,ORD,YYZ,10847
1374,SEA,AMS,12022
1375,SEA,ATL,12022
1376,SEA,BOS,8772
1377,SEA,CDG,12022
1378,SEA,CLT,8180
1379,SEA,DEN,7040
1380,SEA,DFW,12022
1381,SEA,DXB,12022
1382,SEA,EWR,12022
1383,SEA,FRA,12022
1384,SEA,HND,5958
1385,SEA,IAH,12022
1386,SEA,ICN,12022
1387,SEA,JFK,12022
1388,SEA,LAS,8180
1389,SEA,LAX,12022
1390,SEA,LHR,12022
1391,SEA,MCO,8180
1392,SEA,MIA,12022
1393,SEA,ORD,12022
1394,SEA,PEK,12022
1395,SEA,PHX,6492
1396,SEA,PVG,12022
1397,SEA,SFO,12022
1398,SEA,TPE,12022
1399,SEA,YYZ,12022
1400,TPE,AMS,13070
1401,TPE,BKK,13070
1402,TPE,CAN,13070
1403,TPE,CDG,13070
1404,TPE,CGK,7654
1405,TPE,CKG,5914
1406,TPE,DEL,12252
1407,TPE,DXB,13070
1408,TPE,FRA,13070
1409,TPE,HGH,4841
1410,TPE,HKG,13070
1411,TPE,HND,6477
1412,TPE,ICN,13070
1413,TPE,JFK,13070
1414,TPE,KMG,5914
1415,TPE,KUL,13070
1416,TPE,LAX,13070
1417,TPE,MNL,8266
1418,TPE,PEK,13070
1419,TPE,PVG,13070
1420,TPE,SEA,12252
1421,TPE,SFO,13070
1422,TPE,SGN,8266
1423,TPE,SIN,13070
1424,TPE,SYD,10866
1425,TPE,SZX,4331
1426,TPE,XIY,3841
1427,TPE,YYZ,13070
1428,AMS,ATL,8152
1429,AMS,BCN,5948
1430,AMS,BKK,8152
1431,AMS,BOM,4774
1432,AMS,BOS,5948
1433,AMS,CAI,7642
1434,AMS,CAN,8152
1435,AMS,CDG,8152
1436,AMS,CMN,4040
1437,AMS,CPT,644
1438,AMS,DEL,7642
1439,AMS,DFW,8152
1440,AMS,DOH,8152
1441,AMS,DXB,8152
1442,AMS,EWR,8152
1443,AMS,EZE,4040
1444,AMS,FRA,8152
1445,AMS,GRU,8152
1446,AMS,HGH,3019
1447,AMS,HKG,8152
1448,AMS,IAH,8152
1449,AMS,ICN,8152
1450,AMS,IST,8152
1451,AMS,JFK,8152
1452,AMS,JNB,5547
1453,AMS,KUL,8152
1454,AMS,LAX,8152
1455,AMS,LGW,3019
1456,AMS,LHR,8152
1457,AMS,LIM,4040
1458,AMS,LOS,3689
1459,AMS,MAD,8152
1460,AMS,MEX,7206
1461,AMS,NBO,3689
1462,AMS,ORD,8152
1463,AMS,PEK,8152
1464,AMS,PVG,8152
1465,AMS,SEA,7642
1466,AMS,SFO,8152
1467,AMS,SIN,8152
1468,AMS,SVO,6778
1469,AMS,TPE,8152
1470,AMS,TUN,2702
1471,AMS,YYZ,8152
1472,BOG,ATL,11011
1473,BOG,BCN,8034
1474,BOG,CDG,11011
1475,BOG,CLO,622
1476,BOG,DFW,11011
1477,BOG,EWR,11011
1478,BOG,EZE,5457
1479,BOG,FRA,11011
1480,BOG,GRU,11011
1481,BOG,IAH,11011
1482,BOG,JFK,11011
1483,BOG,LIM,5457
1484,BOG,MAD,11011
1485,BOG,MCO,7492
1486,BOG,MEX,9732
1487,BOG,MIA,11011
1488,BOG,SCL,4078
1489,BOG,YYZ,11011
1490,BSB,ATL,6904
1491,BSB,CDG,6904
1492,BSB,EZE,3421
1493,BSB,GRU,6904
1494,BSB,MIA,6904
1495,BSB,SDU,138
1496,CLT,ATL,10723
1497,CLT,BOS,7824
1498,CLT,CDG,10723
1499,CLT,DEN,6279
1500,CLT,DFW,10723
1501,CLT,EWR,10723
1502,CLT,FRA,10723
1503,CLT,GRU,10723
1504,CLT,IAH,10723
1505,CLT,JFK,10723
1506,CLT,LAS,7296
1507,CLT,LAX,10723
1508,CLT,LHR,10723
1509,CLT,MCO,7296
1510,CLT,MEX,9478
1511,CLT,MIA,10723
1512,CLT,ORD,10723
1513,CLT,PHX,5790
1514,CLT,SEA,10052
1515,CLT,SFO,10723
1516,CLT,YYZ,10723
1517,DEN,ATL,10254
1518,DEN,BOS,7482
1519,DEN,CLT,6977
1520,DEN,DFW,10254
1521,DEN,EWR,10254
1522,DEN,FRA,10254
1523,DEN,IAH,10254
1524,DEN,JFK,10254
1525,DEN,LAS,6977
1526,DEN,LAX,10254
1527,DEN,LHR,10254
1528,DEN,MCO,6977
1529,DEN,MEX,9063
1530,DEN,MIA,10254
1531,DEN,ORD,10254
1532,DEN,PHX,5537
1533,DEN,SEA,9613
1534,DEN,SFO,10254
1535,DEN,YYZ,10254
1536,LAS,ATL,11089
1537,LAS,BOS,8091
1538,LAS,CLT,7546
1539,LAS,DEN,6494
1540,LAS,DFW,11089
1541,LAS,EWR,11089
1542,LAS,FRA,11089
1543,LAS,IAH,11089
1544,LAS,ICN,11089
1545,LAS,JFK,11089
1546,LAS,LAX,11089
1547,LAS,LGW,4107
1548,LAS,LHR,11089
1549,LAS,MCO,7546
1550,LAS,MEX,9802
1551,LAS,MIA,11089
1552,LAS,ORD,11089
1553,LAS,PHX,5988
1554,LAS,SEA,10396
1555,LAS,SFO,11089
1556,LAS,YYZ,11089
1557,MCO,ATL,11374
1558,MCO,BOG,6142
1559,MCO,BOS,8299
1560,MCO,CLT,7739
1561,MCO,DEN,6660
1562,MCO,DFW,11374
1563,MCO,EWR,11374
1564,MCO,FRA,11374
1565,MCO,GRU,11374
1566,MCO,IAH,11374
1567,MCO,JFK,11374
1568,MCO,LAS,7739
1569,MCO,LAX,11374
1570,MCO,LGW,4213
1571,MCO,MEX,10053
1572,MCO,MIA,11374
1573,MCO,ORD,11374
1574,MCO,PHX,6142
1575,MCO,SEA,10662
1576,MCO,SFO,11374
1577,MCO,YYZ,11374
1578,PHX,ATL,10013
1579,PHX,BOS,7306
1580,PHX,CLT,6814
1581,PHX,DEN,5864
1582,PHX,DFW,10013
1583,PHX,EWR,10013
1584,PHX,IAH,10013
1585,PHX,JFK,10013
1586,PHX,LAS,6814
1587,PHX,LAX,10013
1588,PHX,LHR,10013
1589,PHX,MCO,6814
1590,PHX,MEX,8850
1591,PHX,MIA,10013
1592,PHX,ORD,10013
1593,PHX,SEA,9387
1594,PHX,SFO,10013
1595,PHX,YYZ,10013
1596,ALG,BCN,6932
1597,ALG,CAI,8906
1598,ALG,CDG,9500
1599,ALG,CMN,4708
1600,ALG,DOH,9500
1601,ALG,DXB,9500
1602,ALG,FRA,9500
1603,ALG,IST,9500
1604,ALG,LGW,3519
1605,ALG,LHR,9500
1606,ALG,MAD,9500
1607,ALG,PEK,9500
1608,ALG,SVO,7898
1609,ALG,TUN,3148
1610,ADD,BKK,10169
1611,ADD,BOM,5955
1612,ADD,CAI,9533
1613,ADD,CAN,10169
1614,ADD,CDG,10169
1615,ADD,DEL,9533
1616,ADD,DOH,10169
1617,ADD,DXB,10169
1618,ADD,FRA,10169
1619,ADD,HKG,10169
1620,ADD,IST,10169
1621,ADD,JED,8988
1622,ADD,JNB,6920
1623,ADD,LHR,10169
1624,ADD,LOS,4602
1625,ADD,NBO,4602
1626,ADD,PEK,10169
1627,ADD,PVG,10169
1628,CGK,BKK,10866
1629,CGK,CAI,10187
1630,CGK,CAN,10866
1631,CGK,DMK,2803
1632,CGK,DOH,10866
1633,CGK,DXB,10866
1634,CGK,HKG,10866
1635,CGK,HND,5386
1636,CGK,ICN,10866
1637,CGK,JED,9605
1638,CGK,KUL,10866
1639,CGK,MEL,5386
1640,CGK,MNL,6872
1641,CGK,PEK,10866
1642,CGK,PVG,10866
1643,CGK,SGN,6872
1644,CGK,SIN,10866
1645,CGK,SYD,9034
1646,CGK,TPE,10866
1647,CKG,BKK,11606
1648,CKG,CAN,11606
1649,CKG,DMK,2994
1650,CKG,DOH,11606
1651,CKG,HGH,4298
1652,CKG,HKG,11606
1653,CKG,ICN,11606
1654,CKG,KMG,5252
1655,CKG,PEK,11606
1656,CKG,PVG,11606
1657,CKG,SHA,1856
1658,CKG,SIN,11606
1659,CKG,SYD,9649
1660,CKG,SZX,3846
1661,CKG,TPE,11606
1662,CKG,XIY,3411
1663,HND,BKK,9947
1664,HND,CDG,9947
1665,HND,CGK,5825
1666,HND,DXB,9947
1667,HND,FRA,9947
1668,HND,HKG,9947
1669,HND,ICN,9947
1670,HND,KUL,9947
1671,HND,LAX,9947
1672,HND,LHR,9947
1673,HND,MNL,6291
1674,HND,PEK,9947
1675,HND,SEA,9324
1676,HND,SFO,9947
1677,HND,SGN,6291
1678,HND,SHA,1591
1679,HND,SIN,9947
1680,KMG,BKK,11441
1681,KMG,CAN,11441
1682,KMG,CKG,5177
1683,KMG,DMK,2951
1684,KMG,DXB,11441
1685,KMG,HGH,4237
1686,KMG,HKG,11441
1687,KMG,ICN,11441
1688,KMG,KUL,11441
1689,KMG,PEK,11441
1690,KMG,PVG,11441
1691,KMG,SHA,1830
1692,KMG,SIN,11441
1693,KMG,SZX,3791
1694,KMG,TPE,11441
1695,KMG,XIY,3362
1696,MNL,BKK,10585
1697,MNL,CAN,10585
1698,MNL,CGK,6198
1699,MNL,DOH,10585
1700,MNL,DXB,10585
1701,MNL,HKG,10585
1702,MNL,HND,5246
1703,MNL,ICN,10585
1704,MNL,JED,9356
1705,MNL,KUL,10585
1706,MNL,LAX,10585
1707,MNL,LHR,10585
1708,MNL,MEL,5246
1709,MNL,PEK,10585
1710,MNL,PVG,10585
1711,MNL,SFO,10585
1712,MNL,SGN,6694
1713,MNL,SIN,10585
1714,MNL,SYD,8800
1715,MNL,TPE,10585
1716,SGN,BKK,11076
1717,SGN,CAN,11076
1718,SGN,CDG,11076
1719,SGN,CGK,6486
1720,SGN,DMK,2857
1721,SGN,DOH,11076
1722,SGN,DXB,11076
1723,SGN,FRA,11076
1724,SGN,HKG,11076
1725,SGN,HND,5489
1726,SGN,ICN,11076
1727,SGN,KUL,11076
1728,SGN,MEL,5489
1729,SGN,MNL,7005
1730,SGN,PEK,11076
1731,SGN,PVG,11076
1732,SGN,SIN,11076
1733,SGN,SVO,9208
1734,SGN,SYD,9208
1735,SGN,TPE,11076
1736,SZX,BKK,11063
1737,SZX,CKG,5006
1738,SZX,DMK,2853
1739,SZX,HGH,4097
1740,SZX,ICN,11063
1741,SZX,KMG,5006
1742,SZX,KUL,11063
1743,SZX,PEK,11063
1744,SZX,PVG,11063
1745,SZX,SHA,1770
1746,SZX,SIN,11063
1747,SZX,TPE,11063
1748,SZX,XIY,3251
1749,CLO,BOG,3018
1750,CLO,LIM,2770
1751,CLO,MAD,5590
1752,CLO,MIA,5590
1753,SDU,BSB,564
1754,SDU,GRU,5435
1755,HRG,CAI,5371
1756,HRG,FRA,5729
1757,HRG,IST,5729
1758,HRG,LGW,2122
1759,HRG,SVO,4763
1760,DMK,CAN,10871
1761,DMK,CGK,6366
1762,DMK,CKG,4919
1763,DMK,HGH,4026
1764,DMK,HKG,10871
1765,DMK,KMG,4919
1766,DMK,KUL,10871
1767,DMK,SGN,6875
1768,DMK,SIN,10871
1769,DMK,SZX,3603
1770,DMK,XIY,3195
1771,SHA,CAN,9550
1772,SHA,CKG,4321
1773,SHA,HKG,9550
1774,SHA,HND,4733
1775,SHA,KMG,4321
1776,SHA,PEK,9550
1777,SHA,SZX,3165
1778,SHA,XIY,2807
1779,XIY,CAN,10988
1780,XIY,CKG,4972
1781,XIY,DMK,2834
1782,XIY,HGH,4070
1783,XIY,HKG,10988
1784,XIY,ICN,10988
1785,XIY,KMG,4972
1786,XIY,PEK,10988
1787,XIY,PVG,10988
1788,XIY,SHA,1758
1789,XIY,SZX,3641
1790,XIY,TPE,10988
